{
    "PFK": true,
    "PFL": true,
    "PGI": true,
    "PGK": true,
    "PGL": true,
    "ACALD": true,
    "AKGt2r": false,
    "PGM": true,
    "PIt2r": false,
    "ALCD2x": true,
    "ACALDt": false,
    "ACKr": true,
    "PPC": true,
    "ACONTa": true,
    "ACONTb": true,
    "ATPM": true,
    "PPCK": true,
    "ACt2r": false,
    "PPS": true,
    "ADK1": true,
    "AKGDH": true,
    "ATPS4r": true,
    "PTAr": true,
    "PYK": true,
    "BIOMASS_Ecoli_core_w_GAM": "bioMRcn",
    "PYRt2": false,
    "CO2t": false,
    "RPE": true,
    "CS": true,
    "RPI": true,
    "SUCCt2_2": false,
    "CYTBD": true,
    "D_LACt2": false,
    "ENO": true,
    "SUCCt3": false,
    "ETOHt2r": false,
    "SUCDi": true,
    "SUCOAS": true,
    "TALA": true,
    "THD2": true,
    "TKT1": true,
    "TKT2": true,
    "TPI": true,
    "EX_ac_e": false,
    "EX_acald_e": false,
    "EX_akg_e": false,
    "EX_co2_e": false,
    "EX_etoh_e": false,
    "EX_for_e": false,
    "EX_fru_e": false,
    "EX_fum_e": false,
    "EX_glc__D_e": false,
    "EX_gln__L_e": false,
    "EX_glu__L_e": false,
    "EX_h_e": false,
    "EX_h2o_e": false,
    "EX_lac__D_e": false,
    "EX_mal__L_e": false,
    "EX_nh4_e": false,
    "EX_o2_e": false,
    "EX_pi_e": false,
    "EX_pyr_e": false,
    "EX_succ_e": false,
    "FBA": true,
    "FBP": true,
    "FORt2": false,
    "FORt": false,
    "FRD7": true,
    "FRUpts2": false,
    "FUM": true,
    "FUMt2_2": false,
    "G6PDH2r": true,
    "GAPD": true,
    "GLCpts": false,
    "GLNS": true,
    "GLNabc": false,
    "GLUDy": true,
    "GLUN": true,
    "GLUSy": true,
    "GLUt2r": false,
    "GND": true,
    "H2Ot": false,
    "ICDHyr": true,
    "ICL": true,
    "LDH_D": true,
    "MALS": true,
    "MALt2_2": false,
    "MDH": true,
    "ME1": true,
    "ME2": true,
    "NADH16": true,
    "NADTRHD": true,
    "NH4t": false,
    "O2t": false,
    "PDH": true
}